ticker,esg_score,credit_risk_category
AAPL,37.21,Low Risk
MSFT,17.97,Low Risk
GOOGL,22.34,Low Risk
TSLA,71.42,High Risk
JPM,14.46,Low Risk
V,59.52,Moderate Risk
PG,48.76,Moderate Risk
UNH,58.61,Moderate Risk
DIS,34.06,Low Risk
INTC,39.6,Low Risk
